"Codigo","Video","Audio","PGS","Error"
"MOV-00005","copy","es,en","False",""
"MOV-00006","copy","es,en","False",""
"MOV-00007","copy","es,en","False",""
"MOV-00008","copy","es","False",""
"MOV-00009","copy","es","False",""
"MOV-00010","copy","es","False",""
"MOV-00011","copy","es","False",""
"MOV-00012","copy","es","False",""
"MOV-00013","copy","es","False",""
"MOV-00014","copy","es","False",""
"MOV-00015","copy","es","False",""
"MOV-00016","copy","es","False",""
"MOV-00017","copy","es","False",""
"MOV-00018","copy","es","False",""
"MOV-00019","copy","es","False",""
"MOV-00020","copy","es","False",""
"MOV-00021","copy","es","False",""
"MOV-00022","copy","es","False",""
"MOV-00023","copy","es","False",""
"MOV-00024","copy","es","False",""
"MOV-00025","copy","es","False",""
"MOV-00026","copy","es","False",""
"MOV-00027","copy","es","False",""
"SER-00001-S01-E02","copy","es,en","False",""
"SER-00001-S01-E03","copy","es,en","False",""
"SER-00001-S01-E04","copy","es,en","False",""
"SER-00001-S01-E05","copy","es,en","False",""
"SER-00001-S01-E06","copy","es,en","False",""
"SER-00001-S01-E07","copy","es,en","False",""
"SER-00001-S01-E08","copy","es,en","False",""
"SER-00001-S01-E09","copy","es,en","False",""
"SER-00001-S01-E10","copy","es,en","False",""
"SER-00001-S01-E11","copy","es,en","False",""
"SER-00001-S01-E12","copy","es,en","False",""
"SER-00001-S01-E13","copy","es,en","False",""
"SER-00001-S01-E14","copy","es,en","False",""
"SER-00001-S01-E15","copy","es,en","False",""
"SER-00001-S01-E16","copy","es,en","False",""
"SER-00001-S01-E17","copy","es,en","False",""
"SER-00001-S01-E18","copy","es,en","False",""
"SER-00002-S01-E01","copy","es","False",""
"SER-00002-S01-E02","copy","es","False",""
"SER-00002-S01-E03","copy","es","False",""
"SER-00002-S01-E04","copy","es","False",""
"MOV-00028","copy","es","False",""
"MOV-00029","copy","es,en","False",""
"MOV-00030","copy","es,en","False",""
"MOV-00031","copy","es,en","False",""
"SER-00003-S01-E01","copy","es","False",""
"SER-00003-S01-E02","copy","es","False",""
"SER-00003-S01-E03","copy","es","False",""
"SER-00003-S01-E04","copy","es","False",""
"SER-00003-S01-E05","copy","es","False",""
"SER-00003-S01-E06","transcode-h264-nvenc","es","False",""
"SER-00003-S01-E07","transcode-h264-nvenc","es","False",""
"SER-00003-S01-E08","transcode-h264-nvenc","es","False",""
"SER-00003-S01-E09","transcode-h264-nvenc","es","False",""
"SER-00003-S01-E10","transcode-h264-nvenc","en","False",""
"SER-00003-S01-E11","transcode-h264-nvenc","es","False",""
"SER-00003-S01-E12","transcode-h264-nvenc","es","False",""
"SER-00003-S01-E18","copy","und","False",""
"SER-00003-S01-E19","copy","und","False",""
"SER-00003-S01-E20","copy","und","False",""
"SER-00003-S01-E21","transcode-h264-nvenc","es","False",""
"SER-00003-S01-E29","copy","und","False",""
"SER-00003-S01-E30","copy","und","False",""
"SER-00003-S01-E31","copy","es","False",""
"SER-00003-S01-E32","copy","und","False",""
"SER-00003-S01-E33","copy","es","False",""
"SER-00003-S01-E34","transcode-h264-nvenc","es","False",""
"SER-00003-S01-E35","copy","es","False",""
"SER-00003-S01-E36","copy","es","False",""
"SER-00003-S01-E37","copy","es","False",""
"SER-00003-S01-E38","transcode-h264-nvenc","es","False",""
"SER-00003-S01-E39","copy","und","False",""
"SER-00003-S01-E40","copy","und","False",""
"SER-00003-S01-E41","copy","und","False",""
"SER-00003-S01-E42","copy","und","False",""
"SER-00003-S01-E43","copy","und","False",""
"SER-00003-S01-E44","copy","und","False",""
"SER-00003-S01-E45","copy","und","False",""
"SER-00003-S01-E46","copy","und","False",""
"SER-00003-S01-E47","copy","und","False",""
"SER-00003-S01-E48","copy","und","False",""
"SER-00003-S01-E49","","","False","ffprobe no pudo leer la cabecera del archivo."
"SER-00003-S01-E50","","","False","ffprobe no pudo leer la cabecera del archivo."
"SER-00003-S01-E51","","","False","ffprobe no pudo leer la cabecera del archivo."
"SER-00003-S01-E52","","","False","ffprobe no pudo leer la cabecera del archivo."
"SER-00003-S01-E53","copy","und","False",""
"SER-00003-S01-E54","copy","und","False",""
"SER-00003-S01-E55","copy","und","False",""
"SER-00003-S01-E56","copy","und","False",""
"SER-00003-S01-E57","copy","und","False",""
"SER-00003-S01-E58","copy","und","False",""
"SER-00003-S01-E59","copy","und","False",""
"SER-00003-S01-E60","copy","und","False",""
"SER-00003-S01-E61","copy","und","False",""
"SER-00003-S01-E62","copy","und","False",""
"SER-00003-S01-E63","copy","und","False",""
"SER-00003-S01-E64","copy","und","False",""
"SER-00003-S01-E65","copy","und","False",""
"SER-00003-S01-E66","copy","und","False",""
"SER-00003-S01-E67","copy","und","False",""
"SER-00003-S01-E68","","","False","No hay pistas de audio etiquetadas explícitamente como Español o Inglés, ni una única pista original identificable. Requiere revisión humana."
"SER-00003-S01-E69","","","False","No hay pistas de audio etiquetadas explícitamente como Español o Inglés, ni una única pista original identificable. Requiere revisión humana."
"SER-00003-S01-E70","","","False","No hay pistas de audio etiquetadas explícitamente como Español o Inglés, ni una única pista original identificable. Requiere revisión humana."
"SER-00003-S01-E71","","","False","No hay pistas de audio etiquetadas explícitamente como Español o Inglés, ni una única pista original identificable. Requiere revisión humana."
"SER-00003-S01-E72","","","False","No hay pistas de audio etiquetadas explícitamente como Español o Inglés, ni una única pista original identificable. Requiere revisión humana."
"SER-00003-S01-E73","","","False","No hay pistas de audio etiquetadas explícitamente como Español o Inglés, ni una única pista original identificable. Requiere revisión humana."
"SER-00003-S01-E74","","","False","No hay pistas de audio etiquetadas explícitamente como Español o Inglés, ni una única pista original identificable. Requiere revisión humana."
"SER-00003-S01-E75","","","False","No hay pistas de audio etiquetadas explícitamente como Español o Inglés, ni una única pista original identificable. Requiere revisión humana."
"SER-00003-S01-E76","transcode-h264-nvenc","es","False",""
"SER-00003-S01-E77","","","False","No hay pistas de audio etiquetadas explícitamente como Español o Inglés, ni una única pista original identificable. Requiere revisión humana."
"SER-00003-S01-E78","","","False","No hay pistas de audio etiquetadas explícitamente como Español o Inglés, ni una única pista original identificable. Requiere revisión humana."
"SER-00003-S01-E79","","","False","No hay pistas de audio etiquetadas explícitamente como Español o Inglés, ni una única pista original identificable. Requiere revisión humana."
"SER-00003-S01-E80","transcode-h264-nvenc","es","False",""
"SER-00003-S01-E81","","","False","No hay pistas de audio etiquetadas explícitamente como Español o Inglés, ni una única pista original identificable. Requiere revisión humana."
"SER-00003-S01-E82","","","False","No hay pistas de audio etiquetadas explícitamente como Español o Inglés, ni una única pista original identificable. Requiere revisión humana."
"SER-00003-S01-E83","","","False","No hay pistas de audio etiquetadas explícitamente como Español o Inglés, ni una única pista original identificable. Requiere revisión humana."
"SER-00003-S01-E84","","","False","No hay pistas de audio etiquetadas explícitamente como Español o Inglés, ni una única pista original identificable. Requiere revisión humana."
"SER-00003-S01-E85","","","False","No hay pistas de audio etiquetadas explícitamente como Español o Inglés, ni una única pista original identificable. Requiere revisión humana."
"SER-00003-S01-E86","","","False","No hay pistas de audio etiquetadas explícitamente como Español o Inglés, ni una única pista original identificable. Requiere revisión humana."
"SER-00003-S01-E87","","","False","No hay pistas de audio etiquetadas explícitamente como Español o Inglés, ni una única pista original identificable. Requiere revisión humana."
"SER-00003-S01-E88","","","False","No hay pistas de audio etiquetadas explícitamente como Español o Inglés, ni una única pista original identificable. Requiere revisión humana."
"SER-00003-S01-E89","","","False","No hay pistas de audio etiquetadas explícitamente como Español o Inglés, ni una única pista original identificable. Requiere revisión humana."
"SER-00003-S01-E90","","","False","No hay pistas de audio etiquetadas explícitamente como Español o Inglés, ni una única pista original identificable. Requiere revisión humana."
"SER-00003-S01-E91","","","False","No hay pistas de audio etiquetadas explícitamente como Español o Inglés, ni una única pista original identificable. Requiere revisión humana."
"SER-00003-S01-E92","","","False","No hay pistas de audio etiquetadas explícitamente como Español o Inglés, ni una única pista original identificable. Requiere revisión humana."
"SER-00003-S01-E93","","","False","No hay pistas de audio etiquetadas explícitamente como Español o Inglés, ni una única pista original identificable. Requiere revisión humana."
"SER-00003-S01-E94","copy","es","False",""
"SER-00003-S01-E95","copy","es","False",""
"SER-00003-S01-E96","transcode-h264-nvenc","es","False",""
"SER-00003-S01-E97","copy","es","False",""
"SER-00003-S01-E98","copy","es","False",""
"SER-00003-S01-E99","copy","es","False",""
"SER-00003-S01-E100","copy","es","False",""
"SER-00003-S01-E101","copy","es","False",""
"SER-00003-S01-E102","copy","es","False",""
"SER-00003-S01-E103","copy","es","False",""
"SER-00003-S01-E104","copy","es","False",""
"SER-00003-S01-E105","copy","es","False",""
"SER-00003-S01-E106","copy","es","False",""
"SER-00003-S01-E107","copy","es","False",""
"SER-00003-S01-E108","copy","es","False",""
"SER-00003-S01-E109","copy","es","False",""
"SER-00003-S01-E110","copy","es","False",""
"SER-00003-S01-E111","copy","es","False",""
"SER-00003-S01-E112","copy","es","False",""
"SER-00003-S01-E113","copy","es","False",""
"SER-00003-S01-E114","copy","es","False",""
"SER-00003-S01-E115","copy","es","False",""
"SER-00003-S01-E117","copy","es","False",""
"SER-00003-S01-E118","copy","es","False",""
"SER-00003-S01-E119","copy","es","False",""
"SER-00003-S01-E120","copy","es","False",""
"SER-00003-S01-E121","copy","es","False",""
"SER-00003-S01-E122","copy","es","False",""
"SER-00003-S01-E123","copy","es","False",""
"SER-00003-S01-E124","copy","es","False",""
"SER-00003-S01-E125","copy","es","False",""
"SER-00003-S01-E126","copy","es","False",""
"SER-00003-S01-E127","copy","es","False",""
