"Codigo","Video","Audio","Error"
"MOV-00005","copy","transcode-aac,transcode-aac",""
"MOV-00006","copy","transcode-aac,transcode-aac",""
"MOV-00007","copy","transcode-aac,transcode-aac",""
"MOV-00008","copy","transcode-aac",""
"MOV-00009","copy","transcode-aac",""
"MOV-00010","copy","transcode-aac",""
"MOV-00011","copy","transcode-aac",""
"MOV-00012","copy","transcode-aac",""
"MOV-00013","copy","transcode-aac",""
"MOV-00014","copy","transcode-aac",""
"MOV-00015","copy","transcode-aac",""
"MOV-00016","copy","transcode-aac",""
"MOV-00017","copy","transcode-aac",""
"MOV-00018","copy","transcode-aac",""
"MOV-00019","copy","transcode-aac",""
"MOV-00020","copy","transcode-aac",""
"MOV-00021","copy","transcode-aac",""
"MOV-00022","copy","transcode-aac",""
"MOV-00023","copy","transcode-aac",""
"MOV-00024","copy","transcode-aac",""
"MOV-00025","copy","transcode-aac",""
"MOV-00026","copy","transcode-aac",""
"MOV-00027","copy","transcode-aac",""
"SER-00001-S01-E02","copy","copy,copy",""
"SER-00001-S01-E03","copy","copy,copy",""
"SER-00001-S01-E04","copy","copy,copy",""
"SER-00001-S01-E05","copy","copy,copy",""
"SER-00001-S01-E06","copy","copy,copy",""
"SER-00001-S01-E07","copy","copy,copy",""
"SER-00001-S01-E08","copy","copy,copy",""
"SER-00001-S01-E09","copy","copy,copy",""
"SER-00001-S01-E10","copy","copy,copy",""
"SER-00001-S01-E11","copy","copy,copy",""
"SER-00001-S01-E12","copy","copy,copy",""
"SER-00001-S01-E13","copy","copy,copy",""
"SER-00001-S01-E14","copy","copy,copy",""
"SER-00001-S01-E15","copy","copy,copy",""
"SER-00001-S01-E16","copy","copy,copy",""
"SER-00001-S01-E17","copy","copy,copy",""
"SER-00001-S01-E18","copy","copy,copy",""
"SER-00002-S01-E01","copy","copy",""
"SER-00002-S01-E02","copy","copy",""
"SER-00002-S01-E03","copy","copy",""
"SER-00002-S01-E04","copy","copy",""
"MOV-00028","copy","transcode-aac",""
"MOV-00029","copy","transcode-aac,copy",""
"MOV-00030","copy","transcode-aac,transcode-aac",""
"MOV-00031","copy","transcode-aac,transcode-aac",""
"SER-00003-S01-E01","copy","transcode-aac",""
"SER-00003-S01-E02","copy","transcode-aac",""
"SER-00003-S01-E03","copy","transcode-aac",""
"SER-00003-S01-E04","copy","transcode-aac",""
"SER-00003-S01-E05","copy","transcode-aac",""
"SER-00003-S01-E06","transcode-h264-nvenc","copy",""
"SER-00003-S01-E07","transcode-h264-nvenc","copy",""
"SER-00003-S01-E08","transcode-h264-nvenc","copy",""
"SER-00003-S01-E09","transcode-h264-nvenc","copy",""
"SER-00003-S01-E10","transcode-h264-nvenc","copy",""
"SER-00003-S01-E11","transcode-h264-nvenc","copy",""
"SER-00003-S01-E12","transcode-h264-nvenc","copy",""
"SER-00003-S01-E18","copy","copy",""
"SER-00003-S01-E19","copy","copy",""
"SER-00003-S01-E20","copy","copy",""
"SER-00003-S01-E21","transcode-h264-nvenc","copy",""
"SER-00003-S01-E29","copy","copy",""
"SER-00003-S01-E30","copy","copy",""
"SER-00003-S01-E31","copy","copy",""
"SER-00003-S01-E32","copy","copy",""
"SER-00003-S01-E33","copy","copy",""
"SER-00003-S01-E34","transcode-h264-nvenc","copy",""
"SER-00003-S01-E35","copy","copy",""
"SER-00003-S01-E36","copy","copy",""
"SER-00003-S01-E37","copy","copy",""
"SER-00003-S01-E38","transcode-h264-nvenc","copy",""
"SER-00003-S01-E39","copy","copy",""
"SER-00003-S01-E40","copy","copy",""
"SER-00003-S01-E41","copy","copy",""
"SER-00003-S01-E42","copy","copy",""
"SER-00003-S01-E43","copy","copy",""
"SER-00003-S01-E44","copy","copy",""
"SER-00003-S01-E45","copy","copy",""
"SER-00003-S01-E46","copy","copy",""
"SER-00003-S01-E47","copy","copy",""
"SER-00003-S01-E48","copy","copy",""
"SER-00003-S01-E53","copy","copy",""
"SER-00003-S01-E54","copy","copy",""
"SER-00003-S01-E55","copy","copy",""
"SER-00003-S01-E56","copy","copy",""
"SER-00003-S01-E57","copy","copy",""
"SER-00003-S01-E58","copy","copy",""
"SER-00003-S01-E59","copy","copy",""
"SER-00003-S01-E60","copy","copy",""
"SER-00003-S01-E61","copy","copy",""
"SER-00003-S01-E62","copy","copy",""
"SER-00003-S01-E63","copy","copy",""
"SER-00003-S01-E64","copy","copy",""
"SER-00003-S01-E65","copy","copy",""
"SER-00003-S01-E66","copy","copy",""
"SER-00003-S01-E67","copy","copy",""
"SER-00003-S01-E68","transcode-h264-nvenc","copy",""
"SER-00003-S01-E69","transcode-h264-nvenc","copy",""
"SER-00003-S01-E70","copy","copy",""
"SER-00003-S01-E71","transcode-h264-nvenc","copy",""
"SER-00003-S01-E72","transcode-h264-nvenc","copy",""
"SER-00003-S01-E73","transcode-h264-nvenc","copy",""
"SER-00003-S01-E74","transcode-h264-nvenc","copy",""
"SER-00003-S01-E75","transcode-h264-nvenc","copy",""
"SER-00003-S01-E76","transcode-h264-nvenc","copy",""
"SER-00003-S01-E77","transcode-h264-nvenc","copy",""
"SER-00003-S01-E78","transcode-h264-nvenc","copy",""
"SER-00003-S01-E79","transcode-h264-nvenc","copy",""
"SER-00003-S01-E80","transcode-h264-nvenc","copy",""
"SER-00003-S01-E81","transcode-h264-nvenc","copy",""
"SER-00003-S01-E82","transcode-h264-nvenc","copy",""
"SER-00003-S01-E83","copy","copy",""
"SER-00003-S01-E84","copy","copy",""
"SER-00003-S01-E85","copy","copy",""
"SER-00003-S01-E86","copy","copy",""
"SER-00003-S01-E87","copy","copy",""
"SER-00003-S01-E89","copy","copy",""
"SER-00003-S01-E90","copy","copy",""
"SER-00003-S01-E91","copy","copy",""
"SER-00003-S01-E92","copy","copy",""
"SER-00003-S01-E93","copy","copy",""
"SER-00003-S01-E94","copy","copy",""
"SER-00003-S01-E95","copy","copy",""
"SER-00003-S01-E96","transcode-h264-nvenc","copy",""
"SER-00003-S01-E97","copy","copy",""
"SER-00003-S01-E98","copy","copy",""
"SER-00003-S01-E99","copy","copy",""
"SER-00003-S01-E100","copy","copy",""
"SER-00003-S01-E101","copy","copy",""
"SER-00003-S01-E102","copy","copy",""
"SER-00003-S01-E103","copy","copy",""
"SER-00003-S01-E104","copy","copy",""
"SER-00003-S01-E105","copy","copy",""
"SER-00003-S01-E106","copy","copy",""
"SER-00003-S01-E107","copy","copy",""
"SER-00003-S01-E108","copy","copy",""
"SER-00003-S01-E109","copy","copy",""
"SER-00003-S01-E110","copy","copy",""
"SER-00003-S01-E111","copy","copy",""
"SER-00003-S01-E112","copy","copy",""
"SER-00003-S01-E113","copy","copy",""
"SER-00003-S01-E114","copy","copy",""
"SER-00003-S01-E115","copy","copy",""
"SER-00003-S01-E117","copy","copy",""
"SER-00003-S01-E118","copy","copy",""
"SER-00003-S01-E119","copy","copy",""
"SER-00003-S01-E120","copy","copy",""
"SER-00003-S01-E121","copy","copy",""
"SER-00003-S01-E122","copy","copy",""
"SER-00003-S01-E123","copy","copy",""
"SER-00003-S01-E124","copy","copy",""
"SER-00003-S01-E125","copy","copy",""
"SER-00003-S01-E126","copy","copy",""
"SER-00003-S01-E127","copy","copy",""
