CodigoInterno,Tipo,TituloProvisional,Serie,Temporada,Episodio
SER-00004-S01-E001,SERIE,Dragon Ball Z - Episodio 001,Dragon Ball Z,1,1
SER-00004-S01-E002,SERIE,Dragon Ball Z - Episodio 002,Dragon Ball Z,1,2
SER-00004-S01-E003,SERIE,Dragon Ball Z - Episodio 003,Dragon Ball Z,1,3
SER-00004-S01-E004,SERIE,Dragon Ball Z - Episodio 004,Dragon Ball Z,1,4
SER-00004-S01-E005,SERIE,Dragon Ball Z - Episodio 005,Dragon Ball Z,1,5
SER-00004-S01-E006,SERIE,Dragon Ball Z - Episodio 006,Dragon Ball Z,1,6
SER-00004-S01-E007,SERIE,Dragon Ball Z - Episodio 007,Dragon Ball Z,1,7
SER-00004-S01-E008,SERIE,Dragon Ball Z - Episodio 008,Dragon Ball Z,1,8
SER-00004-S01-E009,SERIE,Dragon Ball Z - Episodio 009,Dragon Ball Z,1,9
SER-00004-S01-E010,SERIE,Dragon Ball Z - Episodio 010,Dragon Ball Z,1,10
SER-00004-S01-E011,SERIE,Dragon Ball Z - Episodio 011,Dragon Ball Z,1,11
SER-00004-S01-E012,SERIE,Dragon Ball Z - Episodio 012,Dragon Ball Z,1,12
SER-00004-S01-E013,SERIE,Dragon Ball Z - Episodio 013,Dragon Ball Z,1,13
SER-00004-S01-E014,SERIE,Dragon Ball Z - Episodio 014,Dragon Ball Z,1,14
SER-00004-S01-E015,SERIE,Dragon Ball Z - Episodio 015,Dragon Ball Z,1,15
SER-00004-S01-E016,SERIE,Dragon Ball Z - Episodio 016,Dragon Ball Z,1,16
SER-00004-S01-E017,SERIE,Dragon Ball Z - Episodio 017,Dragon Ball Z,1,17
SER-00004-S01-E018,SERIE,Dragon Ball Z - Episodio 018,Dragon Ball Z,1,18
SER-00004-S01-E019,SERIE,Dragon Ball Z - Episodio 019,Dragon Ball Z,1,19
SER-00004-S01-E020,SERIE,Dragon Ball Z - Episodio 020,Dragon Ball Z,1,20
SER-00004-S01-E021,SERIE,Dragon Ball Z - Episodio 021,Dragon Ball Z,1,21
SER-00004-S01-E022,SERIE,Dragon Ball Z - Episodio 022,Dragon Ball Z,1,22
SER-00004-S01-E023,SERIE,Dragon Ball Z - Episodio 023,Dragon Ball Z,1,23
SER-00004-S01-E024,SERIE,Dragon Ball Z - Episodio 024,Dragon Ball Z,1,24
SER-00004-S01-E025,SERIE,Dragon Ball Z - Episodio 025,Dragon Ball Z,1,25
SER-00004-S01-E026,SERIE,Dragon Ball Z - Episodio 026,Dragon Ball Z,1,26
SER-00004-S01-E027,SERIE,Dragon Ball Z - Episodio 027,Dragon Ball Z,1,27
SER-00004-S01-E028,SERIE,Dragon Ball Z - Episodio 028,Dragon Ball Z,1,28
SER-00004-S01-E029,SERIE,Dragon Ball Z - Episodio 029,Dragon Ball Z,1,29
SER-00004-S01-E030,SERIE,Dragon Ball Z - Episodio 030,Dragon Ball Z,1,30
SER-00004-S01-E031,SERIE,Dragon Ball Z - Episodio 031,Dragon Ball Z,1,31
SER-00004-S01-E032,SERIE,Dragon Ball Z - Episodio 032,Dragon Ball Z,1,32
SER-00004-S01-E033,SERIE,Dragon Ball Z - Episodio 033,Dragon Ball Z,1,33
SER-00004-S01-E034,SERIE,Dragon Ball Z - Episodio 034,Dragon Ball Z,1,34
SER-00004-S01-E035,SERIE,Dragon Ball Z - Episodio 035,Dragon Ball Z,1,35
SER-00004-S01-E036,SERIE,Dragon Ball Z - Episodio 036,Dragon Ball Z,1,36
SER-00004-S01-E037,SERIE,Dragon Ball Z - Episodio 037,Dragon Ball Z,1,37
SER-00004-S01-E038,SERIE,Dragon Ball Z - Episodio 038,Dragon Ball Z,1,38
SER-00004-S01-E039,SERIE,Dragon Ball Z - Episodio 039,Dragon Ball Z,1,39
SER-00004-S01-E040,SERIE,Dragon Ball Z - Episodio 040,Dragon Ball Z,1,40
SER-00004-S01-E041,SERIE,Dragon Ball Z - Episodio 041,Dragon Ball Z,1,41
SER-00004-S01-E042,SERIE,Dragon Ball Z - Episodio 042,Dragon Ball Z,1,42
SER-00004-S01-E043,SERIE,Dragon Ball Z - Episodio 043,Dragon Ball Z,1,43
SER-00004-S01-E044,SERIE,Dragon Ball Z - Episodio 044,Dragon Ball Z,1,44
SER-00004-S01-E045,SERIE,Dragon Ball Z - Episodio 045,Dragon Ball Z,1,45
SER-00004-S01-E046,SERIE,Dragon Ball Z - Episodio 046,Dragon Ball Z,1,46
SER-00004-S01-E047,SERIE,Dragon Ball Z - Episodio 047,Dragon Ball Z,1,47
SER-00004-S01-E048,SERIE,Dragon Ball Z - Episodio 048,Dragon Ball Z,1,48
SER-00004-S01-E049,SERIE,Dragon Ball Z - Episodio 049,Dragon Ball Z,1,49
SER-00004-S01-E050,SERIE,Dragon Ball Z - Episodio 050,Dragon Ball Z,1,50
SER-00004-S01-E051,SERIE,Dragon Ball Z - Episodio 051,Dragon Ball Z,1,51
SER-00004-S01-E052,SERIE,Dragon Ball Z - Episodio 052,Dragon Ball Z,1,52
SER-00004-S01-E053,SERIE,Dragon Ball Z - Episodio 053,Dragon Ball Z,1,53
SER-00004-S01-E054,SERIE,Dragon Ball Z - Episodio 054,Dragon Ball Z,1,54
SER-00004-S01-E055,SERIE,Dragon Ball Z - Episodio 055,Dragon Ball Z,1,55
SER-00004-S01-E056,SERIE,Dragon Ball Z - Episodio 056,Dragon Ball Z,1,56
SER-00004-S01-E057,SERIE,Dragon Ball Z - Episodio 057,Dragon Ball Z,1,57
SER-00004-S01-E058,SERIE,Dragon Ball Z - Episodio 058,Dragon Ball Z,1,58
SER-00004-S01-E059,SERIE,Dragon Ball Z - Episodio 059,Dragon Ball Z,1,59
SER-00004-S01-E060,SERIE,Dragon Ball Z - Episodio 060,Dragon Ball Z,1,60
SER-00004-S01-E061,SERIE,Dragon Ball Z - Episodio 061,Dragon Ball Z,1,61
SER-00004-S01-E062,SERIE,Dragon Ball Z - Episodio 062,Dragon Ball Z,1,62
SER-00004-S01-E063,SERIE,Dragon Ball Z - Episodio 063,Dragon Ball Z,1,63
SER-00004-S01-E064,SERIE,Dragon Ball Z - Episodio 064,Dragon Ball Z,1,64
SER-00004-S01-E065,SERIE,Dragon Ball Z - Episodio 065,Dragon Ball Z,1,65
SER-00004-S01-E066,SERIE,Dragon Ball Z - Episodio 066,Dragon Ball Z,1,66
SER-00004-S01-E067,SERIE,Dragon Ball Z - Episodio 067,Dragon Ball Z,1,67
SER-00004-S01-E068,SERIE,Dragon Ball Z - Episodio 068,Dragon Ball Z,1,68
SER-00004-S01-E069,SERIE,Dragon Ball Z - Episodio 069,Dragon Ball Z,1,69
SER-00004-S01-E070,SERIE,Dragon Ball Z - Episodio 070,Dragon Ball Z,1,70
SER-00004-S01-E071,SERIE,Dragon Ball Z - Episodio 071,Dragon Ball Z,1,71
SER-00004-S01-E072,SERIE,Dragon Ball Z - Episodio 072,Dragon Ball Z,1,72
SER-00004-S01-E073,SERIE,Dragon Ball Z - Episodio 073,Dragon Ball Z,1,73
SER-00004-S01-E074,SERIE,Dragon Ball Z - Episodio 074,Dragon Ball Z,1,74
SER-00004-S01-E075,SERIE,Dragon Ball Z - Episodio 075,Dragon Ball Z,1,75
SER-00004-S01-E076,SERIE,Dragon Ball Z - Episodio 076,Dragon Ball Z,1,76
SER-00004-S01-E077,SERIE,Dragon Ball Z - Episodio 077,Dragon Ball Z,1,77
SER-00004-S01-E078,SERIE,Dragon Ball Z - Episodio 078,Dragon Ball Z,1,78
SER-00004-S01-E079,SERIE,Dragon Ball Z - Episodio 079,Dragon Ball Z,1,79
SER-00004-S01-E080,SERIE,Dragon Ball Z - Episodio 080,Dragon Ball Z,1,80
SER-00004-S01-E081,SERIE,Dragon Ball Z - Episodio 081,Dragon Ball Z,1,81
SER-00004-S01-E082,SERIE,Dragon Ball Z - Episodio 082,Dragon Ball Z,1,82
SER-00004-S01-E083,SERIE,Dragon Ball Z - Episodio 083,Dragon Ball Z,1,83
SER-00004-S01-E084,SERIE,Dragon Ball Z - Episodio 084,Dragon Ball Z,1,84
SER-00004-S01-E085,SERIE,Dragon Ball Z - Episodio 085,Dragon Ball Z,1,85
SER-00004-S01-E086,SERIE,Dragon Ball Z - Episodio 086,Dragon Ball Z,1,86
SER-00004-S01-E087,SERIE,Dragon Ball Z - Episodio 087,Dragon Ball Z,1,87
SER-00004-S01-E088,SERIE,Dragon Ball Z - Episodio 088,Dragon Ball Z,1,88
SER-00004-S01-E089,SERIE,Dragon Ball Z - Episodio 089,Dragon Ball Z,1,89
SER-00004-S01-E090,SERIE,Dragon Ball Z - Episodio 090,Dragon Ball Z,1,90
SER-00004-S01-E091,SERIE,Dragon Ball Z - Episodio 091,Dragon Ball Z,1,91
SER-00004-S01-E092,SERIE,Dragon Ball Z - Episodio 092,Dragon Ball Z,1,92
SER-00004-S01-E093,SERIE,Dragon Ball Z - Episodio 093,Dragon Ball Z,1,93
SER-00004-S01-E094,SERIE,Dragon Ball Z - Episodio 094,Dragon Ball Z,1,94
SER-00004-S01-E095,SERIE,Dragon Ball Z - Episodio 095,Dragon Ball Z,1,95
SER-00004-S01-E096,SERIE,Dragon Ball Z - Episodio 096,Dragon Ball Z,1,96
SER-00004-S01-E097,SERIE,Dragon Ball Z - Episodio 097,Dragon Ball Z,1,97
SER-00004-S01-E098,SERIE,Dragon Ball Z - Episodio 098,Dragon Ball Z,1,98
SER-00004-S01-E099,SERIE,Dragon Ball Z - Episodio 099,Dragon Ball Z,1,99
SER-00004-S01-E100,SERIE,Dragon Ball Z - Episodio 100,Dragon Ball Z,1,100
SER-00004-S01-E101,SERIE,Dragon Ball Z - Episodio 101,Dragon Ball Z,1,101
SER-00004-S01-E102,SERIE,Dragon Ball Z - Episodio 102,Dragon Ball Z,1,102
SER-00004-S01-E103,SERIE,Dragon Ball Z - Episodio 103,Dragon Ball Z,1,103
SER-00004-S01-E104,SERIE,Dragon Ball Z - Episodio 104,Dragon Ball Z,1,104
SER-00004-S01-E105,SERIE,Dragon Ball Z - Episodio 105,Dragon Ball Z,1,105
SER-00004-S01-E106,SERIE,Dragon Ball Z - Episodio 106,Dragon Ball Z,1,106
SER-00004-S01-E107,SERIE,Dragon Ball Z - Episodio 107,Dragon Ball Z,1,107
SER-00004-S01-E108,SERIE,Dragon Ball Z - Episodio 108,Dragon Ball Z,1,108
SER-00004-S01-E109,SERIE,Dragon Ball Z - Episodio 109,Dragon Ball Z,1,109
SER-00004-S01-E110,SERIE,Dragon Ball Z - Episodio 110,Dragon Ball Z,1,110
SER-00004-S01-E111,SERIE,Dragon Ball Z - Episodio 111,Dragon Ball Z,1,111
SER-00004-S01-E112,SERIE,Dragon Ball Z - Episodio 112,Dragon Ball Z,1,112
SER-00004-S01-E113,SERIE,Dragon Ball Z - Episodio 113,Dragon Ball Z,1,113
SER-00004-S01-E114,SERIE,Dragon Ball Z - Episodio 114,Dragon Ball Z,1,114
SER-00004-S01-E115,SERIE,Dragon Ball Z - Episodio 115,Dragon Ball Z,1,115
SER-00004-S01-E116,SERIE,Dragon Ball Z - Episodio 116,Dragon Ball Z,1,116
SER-00004-S01-E117,SERIE,Dragon Ball Z - Episodio 117,Dragon Ball Z,1,117
SER-00004-S01-E118,SERIE,Dragon Ball Z - Episodio 118,Dragon Ball Z,1,118
SER-00004-S01-E119,SERIE,Dragon Ball Z - Episodio 119,Dragon Ball Z,1,119
SER-00004-S01-E120,SERIE,Dragon Ball Z - Episodio 120,Dragon Ball Z,1,120
SER-00004-S01-E121,SERIE,Dragon Ball Z - Episodio 121,Dragon Ball Z,1,121
SER-00004-S01-E122,SERIE,Dragon Ball Z - Episodio 122,Dragon Ball Z,1,122
SER-00004-S01-E123,SERIE,Dragon Ball Z - Episodio 123,Dragon Ball Z,1,123
SER-00004-S01-E124,SERIE,Dragon Ball Z - Episodio 124,Dragon Ball Z,1,124
SER-00004-S01-E125,SERIE,Dragon Ball Z - Episodio 125,Dragon Ball Z,1,125
SER-00004-S01-E126,SERIE,Dragon Ball Z - Episodio 126,Dragon Ball Z,1,126
SER-00004-S01-E127,SERIE,Dragon Ball Z - Episodio 127,Dragon Ball Z,1,127
SER-00004-S01-E128,SERIE,Dragon Ball Z - Episodio 128,Dragon Ball Z,1,128
SER-00004-S01-E129,SERIE,Dragon Ball Z - Episodio 129,Dragon Ball Z,1,129
SER-00004-S01-E130,SERIE,Dragon Ball Z - Episodio 130,Dragon Ball Z,1,130
SER-00004-S01-E131,SERIE,Dragon Ball Z - Episodio 131,Dragon Ball Z,1,131
SER-00004-S01-E132,SERIE,Dragon Ball Z - Episodio 132,Dragon Ball Z,1,132
SER-00004-S01-E133,SERIE,Dragon Ball Z - Episodio 133,Dragon Ball Z,1,133
SER-00004-S01-E134,SERIE,Dragon Ball Z - Episodio 134,Dragon Ball Z,1,134
SER-00004-S01-E135,SERIE,Dragon Ball Z - Episodio 135,Dragon Ball Z,1,135
SER-00004-S01-E136,SERIE,Dragon Ball Z - Episodio 136,Dragon Ball Z,1,136
SER-00004-S01-E137,SERIE,Dragon Ball Z - Episodio 137,Dragon Ball Z,1,137
SER-00004-S01-E138,SERIE,Dragon Ball Z - Episodio 138,Dragon Ball Z,1,138
SER-00004-S01-E139,SERIE,Dragon Ball Z - Episodio 139,Dragon Ball Z,1,139
SER-00004-S01-E140,SERIE,Dragon Ball Z - Episodio 140,Dragon Ball Z,1,140
SER-00004-S01-E141,SERIE,Dragon Ball Z - Episodio 141,Dragon Ball Z,1,141
SER-00004-S01-E142,SERIE,Dragon Ball Z - Episodio 142,Dragon Ball Z,1,142
SER-00004-S01-E143,SERIE,Dragon Ball Z - Episodio 143,Dragon Ball Z,1,143
SER-00004-S01-E144,SERIE,Dragon Ball Z - Episodio 144,Dragon Ball Z,1,144
SER-00004-S01-E145,SERIE,Dragon Ball Z - Episodio 145,Dragon Ball Z,1,145
SER-00004-S01-E146,SERIE,Dragon Ball Z - Episodio 146,Dragon Ball Z,1,146
SER-00004-S01-E147,SERIE,Dragon Ball Z - Episodio 147,Dragon Ball Z,1,147
SER-00004-S01-E148,SERIE,Dragon Ball Z - Episodio 148,Dragon Ball Z,1,148
SER-00004-S01-E149,SERIE,Dragon Ball Z - Episodio 149,Dragon Ball Z,1,149
SER-00004-S01-E150,SERIE,Dragon Ball Z - Episodio 150,Dragon Ball Z,1,150
SER-00004-S01-E151,SERIE,Dragon Ball Z - Episodio 151,Dragon Ball Z,1,151
SER-00004-S01-E152,SERIE,Dragon Ball Z - Episodio 152,Dragon Ball Z,1,152
SER-00004-S01-E153,SERIE,Dragon Ball Z - Episodio 153,Dragon Ball Z,1,153
SER-00004-S01-E154,SERIE,Dragon Ball Z - Episodio 154,Dragon Ball Z,1,154
SER-00004-S01-E155,SERIE,Dragon Ball Z - Episodio 155,Dragon Ball Z,1,155
SER-00004-S01-E156,SERIE,Dragon Ball Z - Episodio 156,Dragon Ball Z,1,156
SER-00004-S01-E157,SERIE,Dragon Ball Z - Episodio 157,Dragon Ball Z,1,157
SER-00004-S01-E158,SERIE,Dragon Ball Z - Episodio 158,Dragon Ball Z,1,158
SER-00004-S01-E159,SERIE,Dragon Ball Z - Episodio 159,Dragon Ball Z,1,159
SER-00004-S01-E160,SERIE,Dragon Ball Z - Episodio 160,Dragon Ball Z,1,160
SER-00004-S01-E161,SERIE,Dragon Ball Z - Episodio 161,Dragon Ball Z,1,161
SER-00004-S01-E162,SERIE,Dragon Ball Z - Episodio 162,Dragon Ball Z,1,162
SER-00004-S01-E163,SERIE,Dragon Ball Z - Episodio 163,Dragon Ball Z,1,163
SER-00004-S01-E164,SERIE,Dragon Ball Z - Episodio 164,Dragon Ball Z,1,164
SER-00004-S01-E165,SERIE,Dragon Ball Z - Episodio 165,Dragon Ball Z,1,165
SER-00004-S01-E166,SERIE,Dragon Ball Z - Episodio 166,Dragon Ball Z,1,166
SER-00004-S01-E167,SERIE,Dragon Ball Z - Episodio 167,Dragon Ball Z,1,167
SER-00004-S01-E168,SERIE,Dragon Ball Z - Episodio 168,Dragon Ball Z,1,168
SER-00004-S01-E169,SERIE,Dragon Ball Z - Episodio 169,Dragon Ball Z,1,169
SER-00004-S01-E170,SERIE,Dragon Ball Z - Episodio 170,Dragon Ball Z,1,170
SER-00004-S01-E171,SERIE,Dragon Ball Z - Episodio 171,Dragon Ball Z,1,171
SER-00004-S01-E172,SERIE,Dragon Ball Z - Episodio 172,Dragon Ball Z,1,172
SER-00004-S01-E173,SERIE,Dragon Ball Z - Episodio 173,Dragon Ball Z,1,173
SER-00004-S01-E174,SERIE,Dragon Ball Z - Episodio 174,Dragon Ball Z,1,174
SER-00004-S01-E175,SERIE,Dragon Ball Z - Episodio 175,Dragon Ball Z,1,175
SER-00004-S01-E176,SERIE,Dragon Ball Z - Episodio 176,Dragon Ball Z,1,176
SER-00004-S01-E177,SERIE,Dragon Ball Z - Episodio 177,Dragon Ball Z,1,177
SER-00004-S01-E178,SERIE,Dragon Ball Z - Episodio 178,Dragon Ball Z,1,178
SER-00004-S01-E179,SERIE,Dragon Ball Z - Episodio 179,Dragon Ball Z,1,179
SER-00004-S01-E180,SERIE,Dragon Ball Z - Episodio 180,Dragon Ball Z,1,180
SER-00004-S01-E181,SERIE,Dragon Ball Z - Episodio 181,Dragon Ball Z,1,181
SER-00004-S01-E182,SERIE,Dragon Ball Z - Episodio 182,Dragon Ball Z,1,182
SER-00004-S01-E183,SERIE,Dragon Ball Z - Episodio 183,Dragon Ball Z,1,183
SER-00004-S01-E184,SERIE,Dragon Ball Z - Episodio 184,Dragon Ball Z,1,184
SER-00004-S01-E185,SERIE,Dragon Ball Z - Episodio 185,Dragon Ball Z,1,185
SER-00004-S01-E186,SERIE,Dragon Ball Z - Episodio 186,Dragon Ball Z,1,186
SER-00004-S01-E187,SERIE,Dragon Ball Z - Episodio 187,Dragon Ball Z,1,187
SER-00004-S01-E188,SERIE,Dragon Ball Z - Episodio 188,Dragon Ball Z,1,188
SER-00004-S01-E189,SERIE,Dragon Ball Z - Episodio 189,Dragon Ball Z,1,189
SER-00004-S01-E190,SERIE,Dragon Ball Z - Episodio 190,Dragon Ball Z,1,190
SER-00004-S01-E191,SERIE,Dragon Ball Z - Episodio 191,Dragon Ball Z,1,191
SER-00004-S01-E192,SERIE,Dragon Ball Z - Episodio 192,Dragon Ball Z,1,192
SER-00004-S01-E193,SERIE,Dragon Ball Z - Episodio 193,Dragon Ball Z,1,193
SER-00004-S01-E194,SERIE,Dragon Ball Z - Episodio 194,Dragon Ball Z,1,194
SER-00004-S01-E195,SERIE,Dragon Ball Z - Episodio 195,Dragon Ball Z,1,195
SER-00004-S01-E196,SERIE,Dragon Ball Z - Episodio 196,Dragon Ball Z,1,196
SER-00004-S01-E197,SERIE,Dragon Ball Z - Episodio 197,Dragon Ball Z,1,197
SER-00004-S01-E198,SERIE,Dragon Ball Z - Episodio 198,Dragon Ball Z,1,198
SER-00004-S01-E199,SERIE,Dragon Ball Z - Episodio 199,Dragon Ball Z,1,199
SER-00004-S01-E200,SERIE,Dragon Ball Z - Episodio 200,Dragon Ball Z,1,200
SER-00004-S01-E201,SERIE,Dragon Ball Z - Episodio 201,Dragon Ball Z,1,201
SER-00004-S01-E202,SERIE,Dragon Ball Z - Episodio 202,Dragon Ball Z,1,202
SER-00004-S01-E203,SERIE,Dragon Ball Z - Episodio 203,Dragon Ball Z,1,203
SER-00004-S01-E204,SERIE,Dragon Ball Z - Episodio 204,Dragon Ball Z,1,204
SER-00004-S01-E205,SERIE,Dragon Ball Z - Episodio 205,Dragon Ball Z,1,205
SER-00004-S01-E206,SERIE,Dragon Ball Z - Episodio 206,Dragon Ball Z,1,206
SER-00004-S01-E207,SERIE,Dragon Ball Z - Episodio 207,Dragon Ball Z,1,207
SER-00004-S01-E208,SERIE,Dragon Ball Z - Episodio 208,Dragon Ball Z,1,208
SER-00004-S01-E209,SERIE,Dragon Ball Z - Episodio 209,Dragon Ball Z,1,209
SER-00004-S01-E210,SERIE,Dragon Ball Z - Episodio 210,Dragon Ball Z,1,210
SER-00004-S01-E211,SERIE,Dragon Ball Z - Episodio 211,Dragon Ball Z,1,211
SER-00004-S01-E212,SERIE,Dragon Ball Z - Episodio 212,Dragon Ball Z,1,212
SER-00004-S01-E213,SERIE,Dragon Ball Z - Episodio 213,Dragon Ball Z,1,213
SER-00004-S01-E214,SERIE,Dragon Ball Z - Episodio 214,Dragon Ball Z,1,214
SER-00004-S01-E215,SERIE,Dragon Ball Z - Episodio 215,Dragon Ball Z,1,215
SER-00004-S01-E216,SERIE,Dragon Ball Z - Episodio 216,Dragon Ball Z,1,216
SER-00004-S01-E217,SERIE,Dragon Ball Z - Episodio 217,Dragon Ball Z,1,217
SER-00004-S01-E218,SERIE,Dragon Ball Z - Episodio 218,Dragon Ball Z,1,218
SER-00004-S01-E219,SERIE,Dragon Ball Z - Episodio 219,Dragon Ball Z,1,219
SER-00004-S01-E220,SERIE,Dragon Ball Z - Episodio 220,Dragon Ball Z,1,220
SER-00004-S01-E221,SERIE,Dragon Ball Z - Episodio 221,Dragon Ball Z,1,221
SER-00004-S01-E222,SERIE,Dragon Ball Z - Episodio 222,Dragon Ball Z,1,222
SER-00004-S01-E223,SERIE,Dragon Ball Z - Episodio 223,Dragon Ball Z,1,223
SER-00004-S01-E224,SERIE,Dragon Ball Z - Episodio 224,Dragon Ball Z,1,224
SER-00004-S01-E225,SERIE,Dragon Ball Z - Episodio 225,Dragon Ball Z,1,225
SER-00004-S01-E226,SERIE,Dragon Ball Z - Episodio 226,Dragon Ball Z,1,226
SER-00004-S01-E227,SERIE,Dragon Ball Z - Episodio 227,Dragon Ball Z,1,227
SER-00004-S01-E228,SERIE,Dragon Ball Z - Episodio 228,Dragon Ball Z,1,228
SER-00004-S01-E229,SERIE,Dragon Ball Z - Episodio 229,Dragon Ball Z,1,229
SER-00004-S01-E230,SERIE,Dragon Ball Z - Episodio 230,Dragon Ball Z,1,230
SER-00004-S01-E231,SERIE,Dragon Ball Z - Episodio 231,Dragon Ball Z,1,231
SER-00004-S01-E232,SERIE,Dragon Ball Z - Episodio 232,Dragon Ball Z,1,232
SER-00004-S01-E233,SERIE,Dragon Ball Z - Episodio 233,Dragon Ball Z,1,233
SER-00004-S01-E234,SERIE,Dragon Ball Z - Episodio 234,Dragon Ball Z,1,234
SER-00004-S01-E235,SERIE,Dragon Ball Z - Episodio 235,Dragon Ball Z,1,235
SER-00004-S01-E236,SERIE,Dragon Ball Z - Episodio 236,Dragon Ball Z,1,236
SER-00004-S01-E237,SERIE,Dragon Ball Z - Episodio 237,Dragon Ball Z,1,237
SER-00004-S01-E238,SERIE,Dragon Ball Z - Episodio 238,Dragon Ball Z,1,238
SER-00004-S01-E239,SERIE,Dragon Ball Z - Episodio 239,Dragon Ball Z,1,239
SER-00004-S01-E240,SERIE,Dragon Ball Z - Episodio 240,Dragon Ball Z,1,240
SER-00004-S01-E241,SERIE,Dragon Ball Z - Episodio 241,Dragon Ball Z,1,241
SER-00004-S01-E242,SERIE,Dragon Ball Z - Episodio 242,Dragon Ball Z,1,242
SER-00004-S01-E243,SERIE,Dragon Ball Z - Episodio 243,Dragon Ball Z,1,243
SER-00004-S01-E244,SERIE,Dragon Ball Z - Episodio 244,Dragon Ball Z,1,244
SER-00004-S01-E245,SERIE,Dragon Ball Z - Episodio 245,Dragon Ball Z,1,245
SER-00004-S01-E246,SERIE,Dragon Ball Z - Episodio 246,Dragon Ball Z,1,246
SER-00004-S01-E247,SERIE,Dragon Ball Z - Episodio 247,Dragon Ball Z,1,247
SER-00004-S01-E248,SERIE,Dragon Ball Z - Episodio 248,Dragon Ball Z,1,248
SER-00004-S01-E249,SERIE,Dragon Ball Z - Episodio 249,Dragon Ball Z,1,249
SER-00004-S01-E250,SERIE,Dragon Ball Z - Episodio 250,Dragon Ball Z,1,250
SER-00004-S01-E251,SERIE,Dragon Ball Z - Episodio 251,Dragon Ball Z,1,251
SER-00004-S01-E252,SERIE,Dragon Ball Z - Episodio 252,Dragon Ball Z,1,252
SER-00004-S01-E253,SERIE,Dragon Ball Z - Episodio 253,Dragon Ball Z,1,253
SER-00004-S01-E254,SERIE,Dragon Ball Z - Episodio 254,Dragon Ball Z,1,254
SER-00004-S01-E255,SERIE,Dragon Ball Z - Episodio 255,Dragon Ball Z,1,255
SER-00004-S01-E256,SERIE,Dragon Ball Z - Episodio 256,Dragon Ball Z,1,256
SER-00004-S01-E257,SERIE,Dragon Ball Z - Episodio 257,Dragon Ball Z,1,257
SER-00004-S01-E258,SERIE,Dragon Ball Z - Episodio 258,Dragon Ball Z,1,258
SER-00004-S01-E259,SERIE,Dragon Ball Z - Episodio 259,Dragon Ball Z,1,259
SER-00004-S01-E260,SERIE,Dragon Ball Z - Episodio 260,Dragon Ball Z,1,260
SER-00004-S01-E261,SERIE,Dragon Ball Z - Episodio 261,Dragon Ball Z,1,261
SER-00004-S01-E262,SERIE,Dragon Ball Z - Episodio 262,Dragon Ball Z,1,262
SER-00004-S01-E263,SERIE,Dragon Ball Z - Episodio 263,Dragon Ball Z,1,263
SER-00004-S01-E264,SERIE,Dragon Ball Z - Episodio 264,Dragon Ball Z,1,264
SER-00004-S01-E265,SERIE,Dragon Ball Z - Episodio 265,Dragon Ball Z,1,265
SER-00004-S01-E266,SERIE,Dragon Ball Z - Episodio 266,Dragon Ball Z,1,266
SER-00004-S01-E267,SERIE,Dragon Ball Z - Episodio 267,Dragon Ball Z,1,267
SER-00004-S01-E268,SERIE,Dragon Ball Z - Episodio 268,Dragon Ball Z,1,268
SER-00004-S01-E269,SERIE,Dragon Ball Z - Episodio 269,Dragon Ball Z,1,269
SER-00004-S01-E270,SERIE,Dragon Ball Z - Episodio 270,Dragon Ball Z,1,270
SER-00004-S01-E271,SERIE,Dragon Ball Z - Episodio 271,Dragon Ball Z,1,271
SER-00004-S01-E272,SERIE,Dragon Ball Z - Episodio 272,Dragon Ball Z,1,272
SER-00004-S01-E273,SERIE,Dragon Ball Z - Episodio 273,Dragon Ball Z,1,273
SER-00004-S01-E274,SERIE,Dragon Ball Z - Episodio 274,Dragon Ball Z,1,274
SER-00004-S01-E275,SERIE,Dragon Ball Z - Episodio 275,Dragon Ball Z,1,275
SER-00004-S01-E276,SERIE,Dragon Ball Z - Episodio 276,Dragon Ball Z,1,276
SER-00004-S01-E277,SERIE,Dragon Ball Z - Episodio 277,Dragon Ball Z,1,277
SER-00004-S01-E278,SERIE,Dragon Ball Z - Episodio 278,Dragon Ball Z,1,278
SER-00004-S01-E279,SERIE,Dragon Ball Z - Episodio 279,Dragon Ball Z,1,279
SER-00004-S01-E280,SERIE,Dragon Ball Z - Episodio 280,Dragon Ball Z,1,280
SER-00004-S01-E281,SERIE,Dragon Ball Z - Episodio 281,Dragon Ball Z,1,281
SER-00004-S01-E282,SERIE,Dragon Ball Z - Episodio 282,Dragon Ball Z,1,282
SER-00004-S01-E283,SERIE,Dragon Ball Z - Episodio 283,Dragon Ball Z,1,283
SER-00004-S01-E284,SERIE,Dragon Ball Z - Episodio 284,Dragon Ball Z,1,284
SER-00004-S01-E285,SERIE,Dragon Ball Z - Episodio 285,Dragon Ball Z,1,285
SER-00004-S01-E286,SERIE,Dragon Ball Z - Episodio 286,Dragon Ball Z,1,286
SER-00004-S01-E287,SERIE,Dragon Ball Z - Episodio 287,Dragon Ball Z,1,287
SER-00004-S01-E288,SERIE,Dragon Ball Z - Episodio 288,Dragon Ball Z,1,288
SER-00004-S01-E289,SERIE,Dragon Ball Z - Episodio 289,Dragon Ball Z,1,289
SER-00004-S01-E290,SERIE,Dragon Ball Z - Episodio 290,Dragon Ball Z,1,290
SER-00004-S01-E291,SERIE,Dragon Ball Z - Episodio 291,Dragon Ball Z,1,291
